operation,data_size,vectrill_time,pandas_time,polars_time,vectrill_correct,polars_correct,speedup_vs_pandas,speedup_vs_polars
filter,1000,0.006783459000000047,0.006798625000000003,0.04477566599999999,True,False,1.0022357325370368,6.600712999076088
filter,10000,0.0015141670000000662,0.00036599999999997745,0.000695084000000068,True,False,0.24171706291311423,0.45905372392875926
filter,100000,0.0028818330000000003,0.0009502089999999797,0.0010777920000000218,True,False,0.32972382507937814,0.3739953009074508
sort,1000,0.0017357920000000693,0.003348791999999934,0.0048412920000000526,True,False,1.9292588052023516,2.7890968503137814
sort,10000,0.003272375000000105,0.002120708999999943,0.0009713330000000742,True,False,0.6480641735742007,0.2968281446961436
sort,100000,0.023499541000000068,0.020976500000000176,0.0030699159999998393,True,False,0.892634456136829,0.13063727500038536
window,1000,0.002391000000000032,0.0012586670000001021,0.008880583999999914,False,False,0.5264186532831808,3.714171476369634
window,10000,0.004384207999999834,0.002470041000000034,0.001510584000000037,False,False,0.5633950305277777,0.34455117092986787
window,100000,0.025527541999999848,0.022967083000000166,0.004542416999999688,False,False,0.8996981769729456,0.17794180889016714
