operation,data_size,vectrill_time,pandas_time,polars_time,vectrill_correct,polars_correct,speedup_vs_pandas,speedup_vs_polars
filter,1000,0.0022388749999999735,0.0005582920000000158,0.032889583,True,False,0.24936273798225556,14.690227457986886
filter,10000,0.0017846659999999348,0.0003602090000000002,0.0008095830000000026,True,False,0.2018355255269128,0.45363278058753415
filter,100000,0.003452374999999952,0.0014620830000000584,0.001417041999999924,True,False,0.4235006336218049,0.4104542525073156
sort,1000,0.0021830839999998908,0.0007937919999998488,0.007561582999999983,True,False,0.36361037871189955,3.463716009095555
sort,10000,0.0038388339999999577,0.0024269580000000346,0.001915332999999908,True,False,0.6322122811249618,0.49893613529523007
sort,100000,0.024208792000000035,0.022653707999999995,0.004174834000000072,True,False,0.9357636680095381,0.1724511491527568
window,1000,0.0028582919999999845,0.0013122920000001592,0.00921462499999981,False,False,0.4591175429242941,3.223822128739772
window,10000,0.0044750410000000684,0.0028345419999999955,0.0017440420000003343,False,False,0.6334114033815449,0.38972648518757874
window,100000,0.025964125000000227,0.023445082999999922,0.00412441699999988,False,False,0.9029799001506779,0.15885060636550796
